{"main":"payment-papi-raml.raml","name":"payment-papi-raml","classifier":"raml","tags":[],"dependencies":[{"groupId":"6966304a-d918-4bc2-95aa-9903cbc1a378","assetId":"common-fragmentforpayment","version":"1.0.9"}],"groupId":"6966304a-d918-4bc2-95aa-9903cbc1a378","organizationId":"6966304a-d918-4bc2-95aa-9903cbc1a378","assetId":"payment-papi-raml","version":"1.0.1","apiVersion":"v1","originalFormatVersion":"1.0","metadata":{"projectId":"bd03cf70-4152-4e78-98ac-92381e9be5e0","branchId":"master","commitId":"59f925baf74fd45cbc324463dc047dd527e64a34"}}