<?xml version="1.0" encoding="UTF-8"?>
<mule xmlns:db="http://www.mulesoft.org/schema/mule/db" xmlns="http://www.mulesoft.org/schema/mule/core" xmlns:apikit="http://www.mulesoft.org/schema/mule/mule-apikit" xmlns:doc="http://www.mulesoft.org/schema/mule/documentation" xmlns:ee="http://www.mulesoft.org/schema/mule/ee/core" xmlns:http="http://www.mulesoft.org/schema/mule/http" xmlns:xsi="http://www.w3.org/2001/XMLSchema-instance" xsi:schemaLocation="http://www.mulesoft.org/schema/mule/core http://www.mulesoft.org/schema/mule/core/current/mule.xsd http://www.mulesoft.org/schema/mule/http http://www.mulesoft.org/schema/mule/http/current/mule-http.xsd http://www.mulesoft.org/schema/mule/mule-apikit http://www.mulesoft.org/schema/mule/mule-apikit/current/mule-apikit.xsd http://www.mulesoft.org/schema/mule/ee/core http://www.mulesoft.org/schema/mule/ee/core/current/mule-ee.xsd 
http://www.mulesoft.org/schema/mule/db http://www.mulesoft.org/schema/mule/db/current/mule-db.xsd">
    <http:listener-config name="payment-sapi-raml-httpListenerConfig">
        <http:listener-connection host="0.0.0.0" port="8081" />
    </http:listener-config>
    <apikit:config name="payment-sapi-raml-config" api="resource::6966304a-d918-4bc2-95aa-9903cbc1a378:payment-sapi-raml:1.0.1:raml:zip:payment-sapi-raml.raml" outboundHeadersMapName="outboundHeaders" httpStatusVarName="httpStatus" />
    <db:config name="Database_Config" doc:name="Database Config" doc:id="787e7e58-5812-45e5-8acc-4d5d658d97fd" >
		<db:my-sql-connection host="byuwdihn2nlczx0pq0u0-mysql.services.clever-cloud.com" port="3306" user="uqcjf6ynyu6vrcmy" password="xyDqo9sQJMul2r6XLjw8" database="byuwdihn2nlczx0pq0u0" />
	</db:config>
	<flow name="payment-sapi-raml-main">
        <http:listener config-ref="payment-sapi-raml-httpListenerConfig" path="/api/*">
            <http:response statusCode="#[vars.httpStatus default 200]">
                <http:headers>#[vars.outboundHeaders default {}]</http:headers>
            </http:response>
            <http:error-response statusCode="#[vars.httpStatus default 500]">
                <http:body>#[payload]</http:body>
                <http:headers>#[vars.outboundHeaders default {}]</http:headers>
            </http:error-response>
        </http:listener>
        <apikit:router config-ref="payment-sapi-raml-config" />
        <error-handler>
            <on-error-propagate type="APIKIT:BAD_REQUEST">
                <ee:transform doc:name="Transform Message">
                    <ee:message>
                        <ee:set-payload><![CDATA[%dw 2.0
output application/json
---
{message: "Bad request"}]]></ee:set-payload>
                    </ee:message>
                    <ee:variables>
                        <ee:set-variable variableName="httpStatus">400</ee:set-variable>
                    </ee:variables>
                </ee:transform>
            </on-error-propagate>
            <on-error-propagate type="APIKIT:NOT_FOUND">
                <ee:transform doc:name="Transform Message">
                    <ee:message>
                        <ee:set-payload><![CDATA[%dw 2.0
output application/json
---
{message: "Resource not found"}]]></ee:set-payload>
                    </ee:message>
                    <ee:variables>
                        <ee:set-variable variableName="httpStatus">404</ee:set-variable>
                    </ee:variables>
                </ee:transform>
            </on-error-propagate>
            <on-error-propagate type="APIKIT:METHOD_NOT_ALLOWED">
                <ee:transform doc:name="Transform Message">
                    <ee:message>
                        <ee:set-payload><![CDATA[%dw 2.0
output application/json
---
{message: "Method not allowed"}]]></ee:set-payload>
                    </ee:message>
                    <ee:variables>
                        <ee:set-variable variableName="httpStatus">405</ee:set-variable>
                    </ee:variables>
                </ee:transform>
            </on-error-propagate>
            <on-error-propagate type="APIKIT:NOT_ACCEPTABLE">
                <ee:transform doc:name="Transform Message">
                    <ee:message>
                        <ee:set-payload><![CDATA[%dw 2.0
output application/json
---
{message: "Not acceptable"}]]></ee:set-payload>
                    </ee:message>
                    <ee:variables>
                        <ee:set-variable variableName="httpStatus">406</ee:set-variable>
                    </ee:variables>
                </ee:transform>
            </on-error-propagate>
            <on-error-propagate type="APIKIT:UNSUPPORTED_MEDIA_TYPE">
                <ee:transform doc:name="Transform Message">
                    <ee:message>
                        <ee:set-payload><![CDATA[%dw 2.0
output application/json
---
{message: "Unsupported media type"}]]></ee:set-payload>
                    </ee:message>
                    <ee:variables>
                        <ee:set-variable variableName="httpStatus">415</ee:set-variable>
                    </ee:variables>
                </ee:transform>
            </on-error-propagate>
            <on-error-propagate type="APIKIT:NOT_IMPLEMENTED">
                <ee:transform doc:name="Transform Message">
                    <ee:message>
                        <ee:set-payload><![CDATA[%dw 2.0
output application/json
---
{message: "Not Implemented"}]]></ee:set-payload>
                    </ee:message>
                    <ee:variables>
                        <ee:set-variable variableName="httpStatus">501</ee:set-variable>
                    </ee:variables>
                </ee:transform>
            </on-error-propagate>
        </error-handler>
    </flow>
    <flow name="payment-sapi-raml-console">
        <http:listener config-ref="payment-sapi-raml-httpListenerConfig" path="/console/*">
            <http:response statusCode="#[vars.httpStatus default 200]">
                <http:headers>#[vars.outboundHeaders default {}]</http:headers>
            </http:response>
            <http:error-response statusCode="#[vars.httpStatus default 500]">
                <http:body>#[payload]</http:body>
                <http:headers>#[vars.outboundHeaders default {}]</http:headers>
            </http:error-response>
        </http:listener>
        <apikit:console config-ref="payment-sapi-raml-config" />
        <error-handler>
            <on-error-propagate type="APIKIT:NOT_FOUND">
                <ee:transform doc:name="Transform Message">
                    <ee:message>
                        <ee:set-payload><![CDATA[%dw 2.0
output application/json
---
{message: "Resource not found"}]]></ee:set-payload>
                    </ee:message>
                    <ee:variables>
                        <ee:set-variable variableName="httpStatus">404</ee:set-variable>
                    </ee:variables>
                </ee:transform>
            </on-error-propagate>
        </error-handler>
    </flow>
    <flow name="patch:\payments\paymentTransactions:application\json:payment-sapi-raml-config">
		<db:update doc:name="Update" doc:id="bea518b7-744f-4375-97b3-88131c3edafb" config-ref="Database_Config">
			<db:sql ><![CDATA[UPDATE Payment SET status=:status WHERE paymentReferenceId=:transactionId]]></db:sql>
			<db:input-parameters ><![CDATA[#[{
	"transactionId" : payload.UpdatePaymentTransactionRequest.transactionId,
	"status" : "C"
}]]]></db:input-parameters>
		</db:update>
		<ee:transform doc:name="Transform Message">
            <ee:message>
                <ee:set-payload><![CDATA[%dw 2.0
output application/json
---

  
  "Payment status updated successfully!!"
]]></ee:set-payload>
            </ee:message>
        </ee:transform>
    </flow>
    <flow name="get:\payments\paymentTransactions:payment-sapi-raml-config">
		<logger level="INFO" doc:name="Logger" doc:id="8c328334-060a-4b25-af15-b2a87cebc39e" message="Select Started"/>
		<db:select doc:name="Select" doc:id="c8ca9fde-daf4-42d2-b0e7-bc9de3fdbd3f" config-ref="Database_Config">
			<db:sql ><![CDATA[select * from Payment where paymentReferenceId = :paymentReferenceId]]></db:sql>
			<db:input-parameters ><![CDATA[#["paymentReferenceId": payload.paymentReferenceId]]]></db:input-parameters>
		</db:select>
		<ee:transform doc:name="Transform Message">
            <ee:message>
                <ee:set-payload><![CDATA[%dw 2.0
output application/json
---
payload]]></ee:set-payload>
            </ee:message>
        </ee:transform>
    </flow>
    <flow name="post:\payments\paymentTransactions:application\json:payment-sapi-raml-config">
        <db:insert doc:name="Insert" doc:id="db607873-16b9-4ab1-96d2-99d69aec2490" config-ref="Database_Config">
			<db:sql ><![CDATA[INSERT INTO Payment values(:paymentReferenceId,:status,:language,:transactionAmount,:gateway,:cardType,:serviceChargeRate,:netPremiumAmount)]]></db:sql>
			<db:input-parameters ><![CDATA[#[payload.recordPaymentTransactionRequest]]]></db:input-parameters>
		</db:insert>
		<ee:transform doc:name="Transform Message">
            <ee:message>
                <ee:set-payload><![CDATA[%dw 2.0
output application/json
---
{
    "recordPaymentTransactionResponse": 
    {
        "message": "Success",
        "transactionId": "EMR0100001807664"
    
}}]]></ee:set-payload>
            </ee:message>
        </ee:transform>
    </flow>
</mule>
