{"main":"payment-xpapi-app-v1.raml","name":"payment-xpapi-app-v1","classifier":"raml","tags":[],"dependencies":[{"groupId":"6966304a-d918-4bc2-95aa-9903cbc1a378","assetId":"common-fragmentforpayment","version":"1.0.7"}],"groupId":"6966304a-d918-4bc2-95aa-9903cbc1a378","organizationId":"6966304a-d918-4bc2-95aa-9903cbc1a378","assetId":"payment-xpapi-app-v1","version":"1.0.0","apiVersion":"v1","originalFormatVersion":"1.0","metadata":{"projectId":"981cc064-80d9-4b25-a32d-eb77e827dcab","branchId":"master","commitId":"b3c2554ee7f506a689df9718025cd894c3219620"}}