{"main":"payment-sapi-raml.raml","name":"payment-sapi-raml","classifier":"raml","tags":[],"dependencies":[{"groupId":"6966304a-d918-4bc2-95aa-9903cbc1a378","assetId":"common-fragmentforpayment","version":"1.0.3"}],"groupId":"6966304a-d918-4bc2-95aa-9903cbc1a378","organizationId":"6966304a-d918-4bc2-95aa-9903cbc1a378","assetId":"payment-sapi-raml","version":"1.0.1","apiVersion":"v1","originalFormatVersion":"1.0","metadata":{"projectId":"f7b6d504-d116-4131-be54-a1d147f0aefa","branchId":"master","commitId":"13f900bb4a50e30f5118860ed2d137d98a1cefc4"}}