<?xml version="1.0" encoding="UTF-8"?>
<mule xmlns="http://www.mulesoft.org/schema/mule/core" xmlns:apikit="http://www.mulesoft.org/schema/mule/mule-apikit" xmlns:doc="http://www.mulesoft.org/schema/mule/documentation" xmlns:ee="http://www.mulesoft.org/schema/mule/ee/core" xmlns:http="http://www.mulesoft.org/schema/mule/http" xmlns:xsi="http://www.w3.org/2001/XMLSchema-instance" xsi:schemaLocation="http://www.mulesoft.org/schema/mule/core http://www.mulesoft.org/schema/mule/core/current/mule.xsd http://www.mulesoft.org/schema/mule/http http://www.mulesoft.org/schema/mule/http/current/mule-http.xsd http://www.mulesoft.org/schema/mule/mule-apikit http://www.mulesoft.org/schema/mule/mule-apikit/current/mule-apikit.xsd http://www.mulesoft.org/schema/mule/ee/core http://www.mulesoft.org/schema/mule/ee/core/current/mule-ee.xsd ">
    <http:listener-config name="payment-xpapi-app-v1-httpListenerConfig">
        <http:listener-connection host="0.0.0.0" port="8083" />
    </http:listener-config>
    <apikit:config name="payment-xpapi-app-v1-config" api="resource::6966304a-d918-4bc2-95aa-9903cbc1a378:payment-xpapi-app-v1:1.0.0:raml:zip:payment-xpapi-app-v1.raml" outboundHeadersMapName="outboundHeaders" httpStatusVarName="httpStatus" />
    <flow name="payment-xpapi-app-v1-main">
        <http:listener config-ref="payment-xpapi-app-v1-httpListenerConfig" path="/api/*">
            <http:response statusCode="#[vars.httpStatus default 200]">
                <http:headers>#[vars.outboundHeaders default {}]</http:headers>
            </http:response>
            <http:error-response statusCode="#[vars.httpStatus default 500]">
                <http:body>#[payload]</http:body>
                <http:headers>#[vars.outboundHeaders default {}]</http:headers>
            </http:error-response>
        </http:listener>
        <apikit:router config-ref="payment-xpapi-app-v1-config" />
        <error-handler>
            <on-error-propagate type="APIKIT:BAD_REQUEST">
                <ee:transform doc:name="Transform Message">
                    <ee:message>
                        <ee:set-payload><![CDATA[%dw 2.0
output application/json
---
{message: "Bad request"}]]></ee:set-payload>
                    </ee:message>
                    <ee:variables>
                        <ee:set-variable variableName="httpStatus">400</ee:set-variable>
                    </ee:variables>
                </ee:transform>
            </on-error-propagate>
            <on-error-propagate type="APIKIT:NOT_FOUND">
                <ee:transform doc:name="Transform Message">
                    <ee:message>
                        <ee:set-payload><![CDATA[%dw 2.0
output application/json
---
{message: "Resource not found"}]]></ee:set-payload>
                    </ee:message>
                    <ee:variables>
                        <ee:set-variable variableName="httpStatus">404</ee:set-variable>
                    </ee:variables>
                </ee:transform>
            </on-error-propagate>
            <on-error-propagate type="APIKIT:METHOD_NOT_ALLOWED">
                <ee:transform doc:name="Transform Message">
                    <ee:message>
                        <ee:set-payload><![CDATA[%dw 2.0
output application/json
---
{message: "Method not allowed"}]]></ee:set-payload>
                    </ee:message>
                    <ee:variables>
                        <ee:set-variable variableName="httpStatus">405</ee:set-variable>
                    </ee:variables>
                </ee:transform>
            </on-error-propagate>
            <on-error-propagate type="APIKIT:NOT_ACCEPTABLE">
                <ee:transform doc:name="Transform Message">
                    <ee:message>
                        <ee:set-payload><![CDATA[%dw 2.0
output application/json
---
{message: "Not acceptable"}]]></ee:set-payload>
                    </ee:message>
                    <ee:variables>
                        <ee:set-variable variableName="httpStatus">406</ee:set-variable>
                    </ee:variables>
                </ee:transform>
            </on-error-propagate>
            <on-error-propagate type="APIKIT:UNSUPPORTED_MEDIA_TYPE">
                <ee:transform doc:name="Transform Message">
                    <ee:message>
                        <ee:set-payload><![CDATA[%dw 2.0
output application/json
---
{message: "Unsupported media type"}]]></ee:set-payload>
                    </ee:message>
                    <ee:variables>
                        <ee:set-variable variableName="httpStatus">415</ee:set-variable>
                    </ee:variables>
                </ee:transform>
            </on-error-propagate>
            <on-error-propagate type="APIKIT:NOT_IMPLEMENTED">
                <ee:transform doc:name="Transform Message">
                    <ee:message>
                        <ee:set-payload><![CDATA[%dw 2.0
output application/json
---
{message: "Not Implemented"}]]></ee:set-payload>
                    </ee:message>
                    <ee:variables>
                        <ee:set-variable variableName="httpStatus">501</ee:set-variable>
                    </ee:variables>
                </ee:transform>
            </on-error-propagate>
        </error-handler>
    </flow>
    <flow name="payment-xpapi-app-v1-console">
        <http:listener config-ref="payment-xpapi-app-v1-httpListenerConfig" path="/console/*">
            <http:response statusCode="#[vars.httpStatus default 200]">
                <http:headers>#[vars.outboundHeaders default {}]</http:headers>
            </http:response>
            <http:error-response statusCode="#[vars.httpStatus default 500]">
                <http:body>#[payload]</http:body>
                <http:headers>#[vars.outboundHeaders default {}]</http:headers>
            </http:error-response>
        </http:listener>
        <apikit:console config-ref="payment-xpapi-app-v1-config" />
        <error-handler>
            <on-error-propagate type="APIKIT:NOT_FOUND">
                <ee:transform doc:name="Transform Message">
                    <ee:message>
                        <ee:set-payload><![CDATA[%dw 2.0
output application/json
---
{message: "Resource not found"}]]></ee:set-payload>
                    </ee:message>
                    <ee:variables>
                        <ee:set-variable variableName="httpStatus">404</ee:set-variable>
                    </ee:variables>
                </ee:transform>
            </on-error-propagate>
        </error-handler>
    </flow>
    <flow name="patch:\payments\paymentTransactions:application\json:payment-xpapi-app-v1-config">
        <http:request method="PATCH" doc:name="Request" doc:id="57f722d5-b634-4a78-8027-dc68e8be6f8a" url="http://localhost:8082/api/payments/paymentTransactions" sendBodyMode="ALWAYS">
			<http:headers ><![CDATA[#[output application/json
---
{
	"clientId" : "89f0dcea651745e48dd01c8db5e6a32a",
	"Accept" : "application/json",
	"x-vio-transactionId" : "12356-45678-8965-78956-1235469745611",
	"clientSecret" : "25c3E05B60C54760B428d47AEc7fc404",
	"Accept-Language" : "en-US",
    "Content-Type" : "application/json"
}]]]></http:headers>
		</http:request>
		<ee:transform doc:name="Transform Message">
            <ee:message>
                <ee:set-payload><![CDATA[%dw 2.0
output application/json
---
"Patch Applied Successfully!!"]]></ee:set-payload>
            </ee:message>
        </ee:transform>
    </flow>
    <flow name="get:\payments\paymentTransactions:payment-xpapi-app-v1-config">
        <http:request method="GET" doc:name="Request" doc:id="389149a6-e7c1-4edd-ab1a-618112ada548" url="http://localhost:8082/api/payments/paymentTransactions" sendBodyMode="ALWAYS">
			<http:headers ><![CDATA[#[output application/json
---
{
	"clientId" : "89f0dcea651745e48dd01c8db5e6a32a",
	"Accept" : "application/json",
	"x-vio-transactionId" : "12356-45678-8965-78956-1235469745611",
	"clientSecret" : "25c3E05B60C54760B428d47AEc7fc404",
	"Accept-Language" : "en-US",
    "Content-Type" : "application/json"
}]]]></http:headers>
		</http:request>
		<ee:transform doc:name="Transform Message">
            <ee:message>
                <ee:set-payload><![CDATA[%dw 2.0
output application/json
---
payload]]></ee:set-payload>
            </ee:message>
        </ee:transform>
    </flow>
    <flow name="post:\payments\paymentTransactions:application\json:payment-xpapi-app-v1-config">
        <http:request method="POST" doc:name="Request" doc:id="3fdd69ac-e7be-4f14-af2b-20da7ef88d0f" sendBodyMode="ALWAYS" url="http://localhost:8082/api/payments/paymentTransactions">
			<http:headers ><![CDATA[#[output application/json
---
{
	"clientId" : "89f0dcea651745e48dd01c8db5e6a32a",
	"Accept" : "application/json",
	"x-vio-transactionId" : "12356-45678-8965-78956-1235469745611",
	"clientSecret" : "25c3E05B60C54760B428d47AEc7fc404",
	"Accept-Language" : "en-US",
    "Content-Type" : "application/json"
}]]]></http:headers>
		</http:request>
		<ee:transform doc:name="Transform Message">
            <ee:message>
                <ee:set-payload><![CDATA[%dw 2.0
output application/json
---
"Record Inserted Successfully!!"]]></ee:set-payload>
            </ee:message>
        </ee:transform>
    </flow>
</mule>
