<?xml version="1.0" encoding="UTF-8"?>
<mule xmlns="http://www.mulesoft.org/schema/mule/core" xmlns:apikit="http://www.mulesoft.org/schema/mule/mule-apikit" xmlns:doc="http://www.mulesoft.org/schema/mule/documentation" xmlns:ee="http://www.mulesoft.org/schema/mule/ee/core" xmlns:http="http://www.mulesoft.org/schema/mule/http" xmlns:xsi="http://www.w3.org/2001/XMLSchema-instance" xsi:schemaLocation="http://www.mulesoft.org/schema/mule/core http://www.mulesoft.org/schema/mule/core/current/mule.xsd http://www.mulesoft.org/schema/mule/http http://www.mulesoft.org/schema/mule/http/current/mule-http.xsd http://www.mulesoft.org/schema/mule/mule-apikit http://www.mulesoft.org/schema/mule/mule-apikit/current/mule-apikit.xsd http://www.mulesoft.org/schema/mule/ee/core http://www.mulesoft.org/schema/mule/ee/core/current/mule-ee.xsd ">
    <http:listener-config name="payment-papi-raml-httpListenerConfig">
        <http:listener-connection host="0.0.0.0" port="8082" />
    </http:listener-config>
    <apikit:config name="payment-papi-raml-config" api="resource::6966304a-d918-4bc2-95aa-9903cbc1a378:payment-papi-raml:1.0.1:raml:zip:payment-papi-raml.raml" outboundHeadersMapName="outboundHeaders" httpStatusVarName="httpStatus" />
    <flow name="payment-papi-raml-main">
        <http:listener config-ref="payment-papi-raml-httpListenerConfig" path="/api/*">
            <http:response statusCode="#[vars.httpStatus default 200]">
                <http:headers>#[vars.outboundHeaders default {}]</http:headers>
            </http:response>
            <http:error-response statusCode="#[vars.httpStatus default 500]">
                <http:body>#[payload]</http:body>
                <http:headers>#[vars.outboundHeaders default {}]</http:headers>
            </http:error-response>
        </http:listener>
        <apikit:router config-ref="payment-papi-raml-config" />
        <error-handler>
            <on-error-propagate type="APIKIT:BAD_REQUEST">
                <ee:transform doc:name="Transform Message">
                    <ee:message>
                        <ee:set-payload><![CDATA[%dw 2.0
output application/json
---
{message: "Bad request"}]]></ee:set-payload>
                    </ee:message>
                    <ee:variables>
                        <ee:set-variable variableName="httpStatus">400</ee:set-variable>
                    </ee:variables>
                </ee:transform>
            </on-error-propagate>
            <on-error-propagate type="APIKIT:NOT_FOUND">
                <ee:transform doc:name="Transform Message">
                    <ee:message>
                        <ee:set-payload><![CDATA[%dw 2.0
output application/json
---
{message: "Resource not found"}]]></ee:set-payload>
                    </ee:message>
                    <ee:variables>
                        <ee:set-variable variableName="httpStatus">404</ee:set-variable>
                    </ee:variables>
                </ee:transform>
            </on-error-propagate>
            <on-error-propagate type="APIKIT:METHOD_NOT_ALLOWED">
                <ee:transform doc:name="Transform Message">
                    <ee:message>
                        <ee:set-payload><![CDATA[%dw 2.0
output application/json
---
{message: "Method not allowed"}]]></ee:set-payload>
                    </ee:message>
                    <ee:variables>
                        <ee:set-variable variableName="httpStatus">405</ee:set-variable>
                    </ee:variables>
                </ee:transform>
            </on-error-propagate>
            <on-error-propagate type="APIKIT:NOT_ACCEPTABLE">
                <ee:transform doc:name="Transform Message">
                    <ee:message>
                        <ee:set-payload><![CDATA[%dw 2.0
output application/json
---
{message: "Not acceptable"}]]></ee:set-payload>
                    </ee:message>
                    <ee:variables>
                        <ee:set-variable variableName="httpStatus">406</ee:set-variable>
                    </ee:variables>
                </ee:transform>
            </on-error-propagate>
            <on-error-propagate type="APIKIT:UNSUPPORTED_MEDIA_TYPE">
                <ee:transform doc:name="Transform Message">
                    <ee:message>
                        <ee:set-payload><![CDATA[%dw 2.0
output application/json
---
{message: "Unsupported media type"}]]></ee:set-payload>
                    </ee:message>
                    <ee:variables>
                        <ee:set-variable variableName="httpStatus">415</ee:set-variable>
                    </ee:variables>
                </ee:transform>
            </on-error-propagate>
            <on-error-propagate type="APIKIT:NOT_IMPLEMENTED">
                <ee:transform doc:name="Transform Message">
                    <ee:message>
                        <ee:set-payload><![CDATA[%dw 2.0
output application/json
---
{message: "Not Implemented"}]]></ee:set-payload>
                    </ee:message>
                    <ee:variables>
                        <ee:set-variable variableName="httpStatus">501</ee:set-variable>
                    </ee:variables>
                </ee:transform>
            </on-error-propagate>
        </error-handler>
    </flow>
    <flow name="payment-papi-raml-console">
        <http:listener config-ref="payment-papi-raml-httpListenerConfig" path="/console/*">
            <http:response statusCode="#[vars.httpStatus default 200]">
                <http:headers>#[vars.outboundHeaders default {}]</http:headers>
            </http:response>
            <http:error-response statusCode="#[vars.httpStatus default 500]">
                <http:body>#[payload]</http:body>
                <http:headers>#[vars.outboundHeaders default {}]</http:headers>
            </http:error-response>
        </http:listener>
        <apikit:console config-ref="payment-papi-raml-config" />
        <error-handler>
            <on-error-propagate type="APIKIT:NOT_FOUND">
                <ee:transform doc:name="Transform Message">
                    <ee:message>
                        <ee:set-payload><![CDATA[%dw 2.0
output application/json
---
{message: "Resource not found"}]]></ee:set-payload>
                    </ee:message>
                    <ee:variables>
                        <ee:set-variable variableName="httpStatus">404</ee:set-variable>
                    </ee:variables>
                </ee:transform>
            </on-error-propagate>
        </error-handler>
    </flow>
    <flow name="patch:\payments\paymentTransactions:application\json:payment-papi-raml-config">
		<http:request method="GET" doc:name="Request" doc:id="c7d22536-1b41-4a85-8444-7fd87d908d03" url="http://localhost:8081/api/payments/paymentTransactions" sendBodyMode="ALWAYS" target="results">
			<http:body ><![CDATA[#["paymentReferenceId": payload.UpdatePaymentTransactionRequest.transactionId]]]></http:body>
			<http:headers ><![CDATA[#[output application/json
---
{
	"clientId" : "89f0dcea651745e48dd01c8db5e6a32a",
	"Accept" : "application/json",
	"x-vio-transactionId" : "12356-45678-8965-78956-1235469745611",
	"clientSecret" : "25c3E05B60C54760B428d47AEc7fc404",
	"Accept-Language" : "en-US",
    "Content-Type" : "application/json"
}]]]></http:headers>
		</http:request>
		<logger level="INFO" doc:name="Logger" doc:id="8086df4a-19fb-4db1-9959-a8debfbe9b4c" message="#[payload]"/>
		<choice doc:name="Choice" doc:id="88ed5166-5182-49da-ab45-32e0792514e9" >
			<when expression="#[isEmpty(vars.results)]">
				<ee:transform doc:name="Transform Message" doc:id="78fc34b3-c4d3-418f-9a97-b21fc49497c6" >
					<ee:message >
						<ee:set-payload ><![CDATA[%dw 2.0
output application/json
---
"Record to Apply patch not available"]]></ee:set-payload>
					</ee:message>
				</ee:transform>
			</when>
			<otherwise >
				<http:request method="PATCH" doc:name="Request" doc:id="d3b7789d-62d9-42e8-9f2a-ef9ab8df6b03" url="http://localhost:8081/api/payments/paymentTransactions" sendBodyMode="ALWAYS">
					<http:headers ><![CDATA[#[output application/json
---
{
	"clientId" : "89f0dcea651745e48dd01c8db5e6a32a",
	"Accept" : "application/json",
	"x-vio-transactionId" : "12356-45678-8965-78956-1235469745611",
	"clientSecret" : "25c3E05B60C54760B428d47AEc7fc404",
	"Accept-Language" : "en-US",
    "Content-Type" : "application/json"
}]]]></http:headers>
				</http:request>
				<ee:transform doc:name="Transform Message" doc:id="15be1811-1137-4b57-ac2f-55afe8146d12" >
					<ee:message >
						<ee:set-payload ><![CDATA[%dw 2.0
output application/json
---
"Patch Operation completed Successfully"]]></ee:set-payload>
					</ee:message>
				</ee:transform>
			</otherwise>
		</choice>
    </flow>
    <flow name="get:\payments\paymentTransactions:payment-papi-raml-config">
        <http:request method="GET" doc:name="Request" doc:id="7a5c769d-abf1-4f7f-b187-e17af7e5c2a7" url="http://localhost:8081/api/payments/paymentTransactions" outputMimeType="application/json" sendBodyMode="ALWAYS">
			<http:headers ><![CDATA[#[output application/json
---
{
	"clientId" : "89f0dcea651745e48dd01c8db5e6a32a",
	"Accept" : "application/json",
	"x-vio-transactionId" : "12356-45678-8965-78956-1235469745611",
	"clientSecret" : "25c3E05B60C54760B428d47AEc7fc404",
	"Accept-Language" : "en-US",
    "Content-Type" : "application/json"
}]]]></http:headers>
		</http:request>
		<ee:transform doc:name="Transform Message">
            <ee:message>
                <ee:set-payload><![CDATA[%dw 2.0
output application/json
---
 payload]]></ee:set-payload>
            </ee:message>
        </ee:transform>
    </flow>
    <flow name="post:\payments\paymentTransactions:application\json:payment-papi-raml-config">
        <http:request method="POST" doc:name="Request" doc:id="138afe2e-6ff6-4c2a-af94-8ca98f51c1da" url="http://localhost:8081/api/payments/paymentTransactions" sendBodyMode="ALWAYS">
			<http:headers ><![CDATA[#[output application/json
---
{
	"clientId" : "89f0dcea651745e48dd01c8db5e6a32a",
	"Accept" : "application/json",
	"x-vio-transactionId" : "12356-45678-8965-78956-1235469745611",
	"clientSecret" : "25c3E05B60C54760B428d47AEc7fc404",
	"Accept-Language" : "en-US",
    "Content-Type" : "application/json"
}]]]></http:headers>
		</http:request>
		<ee:transform doc:name="Transform Message">
            <ee:message>
                <ee:set-payload><![CDATA[%dw 2.0
output application/json
---
{
    "recordPaymentTransactionResponse": 
    {
        "message": "Success",
        "transactionId": "EMR0100001807664"
    
}}
]]></ee:set-payload>
            </ee:message>
        </ee:transform>
    </flow>
</mule>
